municipio,departamento,lat,lon,poblacion,riesgo
Abejorral,Antioquia,5.7914299,-75.4270381,19290,SIN RIESGO
Abriaquí,Antioquia,6.6284892,-76.08353009,2128,SIN RIESGO
Alejandría,Antioquia,6.3557801,-75.09866249,4992,SIN RIESGO
Amagá,Antioquia,6.0358169,-75.70091081,29555,SIN RIESGO
Amalfi,Antioquia,7.0204002,-74.95047584,22088,SIN RIESGO
Andes,Antioquia,5.62787175,-75.94516745,45814,SIN RIESGO
Angelópolis,Antioquia,6.1311539,-75.72075627,8946,SIN RIESGO
Angostura,Antioquia,6.8695288,-75.3454162,11354,SIN RIESGO
Anorí,Antioquia,7.17672705,-75.15626455,17086,SIN RIESGO
Anza,Antioquia,6.31509295,-75.9178133,7568,SIN RIESGO
Apartadó,Antioquia,7.9220227,-76.53072284,178257,SIN RIESGO
Arboletes,Antioquia,8.6660255,-76.41948385,40147,SIN RIESGO
Argelia,Valle del Cauca,4.7271938,-76.1211518,6440,ALTO
Armenia,Quindio,4.4925756,-75.73947647,296691,SIN RIESGO
Barbosa,Santander,5.9328785,-73.6140874,28635,MEDIO
Bello,Antioquia,6.36117455,-75.5897133,455807,SIN RIESGO
Belmira,Antioquia,6.64687305,-75.68790478,6760,SIN RIESGO
Betania,Antioquia,5.73407355,-75.98205134,9286,SIN RIESGO
Betulia,Santander,6.8997683,-73.2838219,5110,BAJO
Briceño,Boyacá,5.6908712,-73.9234546,2584,ALTO
Buriticá,Antioquia,6.80627485,-75.92173072,6601,SIN RIESGO
Cáceres,Antioquia,7.582364,-75.3477905,37806,MEDIO
Caicedo,Antioquia,6.42595665,-75.99210811,8205,SIN RIESGO
Caldas,Boyacá,5.5544872,-73.8653516,3638,MEDIO
Campamento,Antioquia,7.07756515,-75.29434327,9091,SIN RIESGO
Cañasgordas,Antioquia,6.8140438,-76.04624525,16763,SIN RIESGO
Caracolí,Antioquia,6.4092756,-74.7566979,4595,SIN RIESGO
Caramanta,Antioquia,5.56200475,-75.63418834,5362,SIN RIESGO
Carepa,Antioquia,7.7977584,-76.74551462,55788,SIN RIESGO
Carolina,Antioquia,6.7501787,-75.32292293,3629,SIN RIESGO
Caucasia,Antioquia,7.82747905,-75.04521491,112168,SIN RIESGO
Chigorodó,Antioquia,7.61241355,-76.63594038,76202,SIN RIESGO
Cisneros,Antioquia,6.54495605,-75.08018968,9058,INVIABLE SANITARIAMENTE
Ciudad Bolívar,Antioquia,5.8500342,-76.0208666,27084,SIN RIESGO
Cocorná,Antioquia,6.00398715,-75.13620783,14972,BAJO
Concepción,Santander,6.8014661,-72.53704225,5292,MEDIO
Concordia,Magdalena,10.23088415,-74.75862405,9388,ALTO
Copacabana,Antioquia,6.3600462,-75.49786997,70171,SIN RIESGO
Dabeiba,Antioquia,7.0015209,-76.2666243,23378,SIN RIESGO
Don Matías,Antioquia,6.5023341,-75.39457059,22243,SIN RIESGO
Ebéjico,Antioquia,6.3219859,-75.78315326,12515,SIN RIESGO
El Bagre,Antioquia,7.6977101,-74.62220282,49583,SIN RIESGO
El Carmen De Viboral,Antioquia,5.98195145,-75.26078014,8793,SIN RIESGO
El Santuario,Antioquia,6.1232786,-75.26517358,27120,SIN RIESGO
Entrerrios,Antioquia,6.59290725,-75.56332039,9950,BAJO
Envigado,Antioquia,6.1701345,-75.5874132,222410,SIN RIESGO
Fredonia,Antioquia,5.87507465,-75.69080712,21561,SIN RIESGO
Frontino,Antioquia,6.6762904,-76.37720095,16615,SIN RIESGO
Giraldo,Antioquia,6.6804539,-75.95338,4029,SIN RIESGO
Girardota,Antioquia,6.3757634,-75.44053711,54219,SIN RIESGO
Gómez Plata,Antioquia,6.71165105,-75.18522865,12810,SIN RIESGO
Granada,Meta,3.548259,-73.7051174,62209,ALTO
Guadalupe,Santander,6.23740655,-73.39538371,4756,BAJO
Guarne,Antioquia,6.272654,-75.43925679,47797,SIN RIESGO
Guatape,Antioquia,6.2525941,-75.16688346,29722,BAJO
Heliconia,Antioquia,6.2076404,-75.7339685,5906,SIN RIESGO
Hispania,Antioquia,42.3437709,-3.7142363,4869,SIN RIESGO
Itagui,Antioquia,6.17648765,-75.61433045,267872,SIN RIESGO
Ituango,Antioquia,7.3280098,-75.92733688,20996,MEDIO
Jardín,Antioquia,5.5677031,-75.80246168,13748,SIN RIESGO
Jericó,Boyacá,6.13734945,-72.5818922,4010,MEDIO
La Ceja,Antioquia,5.98524225,-75.44673989,52723,SIN RIESGO
La Estrella,Antioquia,6.1576944,-75.6434368,62344,SIN RIESGO
La Pintada,Antioquia,5.74047855,-75.59255699,6558,BAJO
La Unión,Valle del Cauca,4.5318814,-76.1031689,37703,BAJO
Liborina,Antioquia,6.72352865,-75.7874215,9535,SIN RIESGO
Maceo,Antioquia,6.52469375,-74.73848696,6855,BAJO
Marinilla,Antioquia,6.1781321,-75.30746437,53374,SIN RIESGO
Santo Domingo,Antioquia,6.47919445,-75.16267557,10416,SIN RIESGO
Segovia,Antioquia,7.2775945,-74.62085392,40174,BAJO
Medellín,Antioquia,6.2443382,-75.573553,2464322,SIN RIESGO
Montebello,Antioquia,5.9458633,-75.5246825,6197,SIN RIESGO
Mutatá,Antioquia,7.2440678,-76.436542,20612,SIN RIESGO
Nariño,Nariño,5.609179,-75.17625,4870,MEDIO
Nechí,Antioquia,7.9838411,-74.68428523,26591,SIN RIESGO
Necoclí,Antioquia,8.4233906,-76.781487,62365,SIN RIESGO
Olaya,Antioquia,6.60210885,-75.78350538,3237,SIN RIESGO
Peñol,Antioquia,6.2541153,-75.23635343,15889,SIN RIESGO
Peque,Antioquia,7.0467815,-75.87543069,10925,MEDIO
Pueblorrico,Antioquia,5.82192475,-75.86037821,7030,SIN RIESGO
Puerto Berrío,Antioquia,6.4899205,-74.4020634,46883,SIN RIESGO
Puerto Nare,Antioquia,6.1400245,-74.71108295,8162,SIN RIESGO
Puerto Triunfo,Antioquia,5.8689335,-74.6407965,20062,BAJO
Remedios,Antioquia,6.98404285,-74.54880496,29199,BAJO
Retiro,Antioquia,6.0572745,-75.502611,19108,SIN RIESGO
Rionegro,Santander,7.2646312,-73.1502802,27114,MEDIO
Sabanalarga,Casanare,4.8564547,-73.0390642,2987,ALTO
Sabaneta,Antioquia,6.13882045,-75.60974997,51868,SIN RIESGO
Salgar,Antioquia,5.96677525,-75.98757921,36047,SIN RIESGO
San Andrés De Cuerquía,Antioquia,6.90665255,-75.65914051,6226,SIN RIESGO
San Carlos,Antioquia,6.19008655,-74.94219336,27104,SIN RIESGO
San Francisco,Putumayo,1.1748696,-76.8788636,7083,ALTO
San Jerónimo,Antioquia,6.43401985,-75.71557215,12635,SIN RIESGO
San José De La Montaña,Antioquia,6.81614395,-75.67530941,3336,SIN RIESGO
San Juan De Urabá,Antioquia,8.7609887,-76.5283566,25168,ALTO
San Luis,Antioquia,6.0428128,-74.9944061,19164,BAJO
San Pedro De Los Milagros,Antioquia,6.45109835,-75.57253174,26592,SIN RIESGO
San Pedro De Uraba,Antioquia,8.33372075,-76.34080137,31280,SIN RIESGO
San Rafael,Antioquia,6.30743165,-75.01412507,12980,MEDIO
San Roque,Antioquia,6.43070575,-74.94080256,16789,SIN RIESGO
San Vicente,Antioquia,6.3123143,-75.3127056,17197,SIN RIESGO
Santa Bárbara,Santander,2.8643763,-76.4887369,2137,MEDIO
Santa Rosa De Osos,Antioquia,6.69856175,-75.45987235,35650,SIN RIESGO
Santafé De Antioquia,Antioquia,6.5564008,-75.8277746,24549,SIN RIESGO
Sonson,Antioquia,5.6973074,-75.31401596,35405,SIN RIESGO
Sopetrán,Antioquia,6.5175257,-75.72637335,14696,SIN RIESGO
Támesis,Antioquia,5.67502205,-75.73223975,14732,SIN RIESGO
Tarazá,Antioquia,7.4871959,-75.40611123,42641,SIN RIESGO
Tarso,Antioquia,5.87459295,-75.82419553,7776,SIN RIESGO
Titiribí,Antioquia,6.06557735,-75.80294602,14393,BAJO
Toledo,Norte de Santander,7.3085866,-72.4834315,17283,MEDIO
Turbo,Antioquia,8.0950848,-76.728545,159268,SIN RIESGO
Uramita,Antioquia,6.91332525,-76.13649121,8238,BAJO
Manatí,Atlántico,10.4470319,-74.9594166,15723,SIN RIESGO
Urrao,Antioquia,6.29563115,-76.26333265,44648,SIN RIESGO
Valdivia,Antioquia,7.2423401,-75.36961943,22179,SIN RIESGO
Valparaíso,Caquetá,1.1961248,-75.7059684,11629,BAJO
Vegachí,Antioquia,6.86039955,-74.72352434,9448,SIN RIESGO
Venecia,Cundinamarca,4.0889462,-74.4784456,4060,BAJO
Yalí,Antioquia,6.7180046,-74.75276923,8318,SIN RIESGO
Yarumal,Antioquia,7.0072117,-75.40863938,46865,BAJO
Yolombó,Antioquia,6.6685477,-74.63045599,23958,SIN RIESGO
Yondó,Antioquia,7.0044426,-73.9113922,18613,SIN RIESGO
Zaragoza,Antioquia,7.4949425,-74.93071761,30738,MEDIO
Arauca,Arauca,6.9682918,-71.1965589,88481,SIN RIESGO
Arauquita,Arauca,7.029595,-71.4277997,41309,SIN RIESGO
Cravo Norte,Arauca,6.5246851,-71.7320704,3331,BAJO
Fortul,Arauca,6.7928124,-71.7743809,25379,SIN RIESGO
Puerto Rondón,Arauca,6.2803446,-71.0998789,3844,SIN RIESGO
Saravena,Arauca,6.9564056,-71.8754435,47203,SIN RIESGO
Tame,Arauca,6.4615657,-71.724362,52768,SIN RIESGO
Providencia,Nariño,1.4487948,-76.9790945,5137,ALTO
San Andrés,Santander,6.8100668,-72.8506351,71305,BAJO
Baranoa,Atlántico,10.78069155,-74.91644057,57845,MEDIO
Barranquilla,Atlántico,10.9799669,-74.8013085,1218737,SIN RIESGO
Campo De La Cruz,Atlántico,10.3801633,-74.8814116,16035,ALTO
Candelaria,Valle del Cauca,3.4090481,-76.347379,81697,BAJO
Galapa,Atlántico,10.8982834,-74.87954409,42706,SIN RIESGO
Juan De Acosta,Atlántico,10.8291974,-75.0347039,16811,SIN RIESGO
Luruaco,Atlántico,10.6332465,-75.14186804,26889,ALTO
Malambo,Atlántico,10.8653387,-74.7746194,121289,MEDIO
Palmar De Varela,Atlántico,10.6971088,-74.76929386,25341,SIN RIESGO
Piojó,Atlántico,10.74305375,-75.13327755,5140,SIN RIESGO
Polonuevo,Atlántico,10.7593311,-74.86249506,15280,SIN RIESGO
Ponedera,Atlántico,10.6054,-74.7825716,22244,BAJO
Puerto Colombia,Atlántico,10.9891292,-74.955414,4736,SIN RIESGO
Repelón,Atlántico,10.5032001,-75.13551688,26095,ALTO
Sabanagrande,Atlántico,10.7895725,-74.7559172,31678,SIN RIESGO
Santa Lucía,Atlántico,10.3244398,-74.9610815,11584,MEDIO
Santo Tomás,Atlántico,10.7301914,-74.80133255,25325,SIN RIESGO
Soledad,Atlántico,10.90545155,-74.77405314,615349,SIN RIESGO
Suan,Atlántico,10.3334603,-74.8802183,8752,MEDIO
Tubará,Atlántico,10.8993966,-74.98631014,11027,BAJO
Usiacurí,Atlántico,10.7386503,-74.98040496,9392,SIN RIESGO
Bogotá DC,Bogotá DC,4.59808,-74.0760439,7878783,BAJO
Achí,Bolívar,8.60283045,-74.45868805,23051,MEDIO
Altos Del Rosario,Bolívar,8.7920971,-74.1639876,13669,ALTO
Arenal,Bolívar,-1.5725993,-78.9185513,18876,ALTO
Arjona,Bolívar,10.17840655,-75.35528903,72514,BAJO
Arroyohondo,Bolívar,10.2512203,-75.0190389,9907,MEDIO
Barranco De Loba,Bolívar,8.9442603,-74.1059488,17768,ALTO
Calamar,Bolívar,10.2526122,-74.9146691,9091,MEDIO
Cantagallo,Bolívar,7.3780007,-73.9150265,9239,ALTO
Cartagena,Bolívar,10.4195841,-75.5271224,33391,SIN RIESGO
Cicuco,Bolívar,9.2368961,-74.69368856,11118,ALTO
Clemencia,Bolívar,10.56180475,-75.32955394,12540,ALTO
Urumita,La Guajira,10.49582235,-72.93595356,17910,MEDIO
Córdoba,Quindio,4.3901949,-75.6854978,5305,SIN RIESGO
El Carmen De Bolívar,Bolívar,9.7178623,-75.1238318,75151,SIN RIESGO
El Guamo,Bolívar,10.0312607,-74.9754413,32373,MEDIO
El Peñón,Santander,6.08553175,-73.93364855,5140,MEDIO
Hatillo De Loba,Bolívar,8.9566235,-74.0770262,11971,ALTO
Magangué,Bolívar,9.1427203,-74.79925312,123737,ALTO
Mahates,Bolívar,10.16794105,-75.19253293,25786,MEDIO
Margarita,Bolívar,9.1523913,-74.2928131,9876,ALTO
María La Baja,Bolívar,9.9807526,-75.34494393,48079,ALTO
Mompós,Bolívar,9.1459356,-74.56580652,44124,MEDIO
Montecristo,Bolívar,8.2956227,-74.4738996,21229,ALTO
Morales,Cauca,2.7561063,-76.6298453,25963,BAJO
Norosí,Bolívar,8.47899945,-74.13411931,5119,INVIABLE SANITARIAMENTE
Pinillos,Bolívar,8.86475765,-74.4045101,24923,MEDIO
Regidor,Bolívar,8.7262256,-73.84144782,10489,SIN RIESGO
Río Viejo,Bolívar,8.4314236,-74.09268429,8961,ALTO
San Cristóbal,Bolívar,10.3940196,-75.0651165,6669,MEDIO
San Estanislao,Bolívar,10.3675957,-75.20672352,16257,MEDIO
San Fernando,Bolívar,10.381288,-75.4712173,13753,ALTO
San Jacinto Del Cauca,Bolívar,8.2525295,-74.7177669,13426,ALTO
San Juan Nepomuceno,Bolívar,9.9511508,-75.0840212,33466,MEDIO
San Martín De Loba,Bolívar,8.9380628,-74.0380554,17295,MEDIO
San Pablo,Nariño,1.6684528,-77.0109928,17492,ALTO
Santa Catalina,Bolívar,10.6523887,-75.27069946,13169,INVIABLE SANITARIAMENTE
Santa Rosa,Cauca,2.9794647,-76.4340264,6382,SIN RIESGO
Santa Rosa Del Sur,Bolívar,7.9635222,-74.0506379,42003,INVIABLE SANITARIAMENTE
Simití,Bolívar,7.8765078,-73.93592249,20271,MEDIO
Soplaviento,Bolívar,10.3408908,-75.11504193,8441,ALTO
Talaigua Nuevo,Bolívar,9.309576,-74.61954308,11350,ALTO
Tiquisio,Bolívar,8.48191435,-74.28364106,22041,ALTO
Turbaco,Bolívar,10.3305871,-75.4127345,72168,MEDIO
Turbaná,Bolívar,10.233116,-75.44871856,14883,ALTO
Villanueva,Santander,6.6712394,-73.1753984,23859,SIN RIESGO
Zambrano,Bolívar,9.7414779,-74.8177731,11611,ALTO
Almeida,Boyacá,4.971164,-73.3788228,1754,ALTO
Aquitania,Boyacá,5.5175808,-72.88315,15241,MEDIO
Arcabuco,Boyacá,5.75520695,-73.45137112,22513,MEDIO
Belén,Nariño,1.59533345,-77.02726663,7518,ALTO
Berbeo,Boyacá,5.22944595,-73.12617194,8100,ALTO
Betéitiva,Boyacá,5.9222597,-72.85894031,2069,ALTO
Boavita,Boyacá,6.33216125,-72.6095101,7079,ALTO
Boyacá,Boyacá,5.4545233,-73.3615406,10099,ALTO
Buenavista,Sucre,9.3196186,-74.9745867,9552,MEDIO
Busbanza,Boyacá,5.8507677,-72.87440383,1156,SIN RIESGO
Campohermoso,Boyacá,4.9980278,-73.12037478,3847,SIN RIESGO
Cerinza,Boyacá,5.97102995,-72.96814752,3762,MEDIO
Chinavita,Boyacá,5.2062439,-73.33495822,3528,ALTO
Chiquinquirá,Boyacá,5.62955415,-73.77371225,65274,BAJO
Chíquiza,Boyacá,5.6361306,-73.44234199,5484,MEDIO
Chiscas,Boyacá,6.6767804,-72.40674386,4291,ALTO
Chita,Boyacá,6.1871968,-72.4729374,9542,BAJO
Chitaraque,Boyacá,5.9818101,-73.42916491,5687,MEDIO
Chivatá,Boyacá,5.5803634,-73.24866202,6199,SIN RIESGO
Chivor,Boyacá,4.8880351,-73.3683236,1795,ALTO
Ciénega,Boyacá,5.38862195,-73.27804029,4754,ALTO
Cómbita,Boyacá,5.69042285,-73.30919664,7957,BAJO
Coper,Boyacá,5.4757954,-74.0452233,3663,ALTO
Corrales,Boyacá,5.8286152,-72.8444774,2273,SIN RIESGO
Covarachía,Boyacá,6.51198805,-72.73190454,2861,MEDIO
Cubará,Boyacá,7.0007084,-72.1079562,6725,SIN RIESGO
Cucaita,Boyacá,5.5431182,-73.4547788,4687,ALTO
Cuítiva,Boyacá,5.58728115,-72.95008542,1906,BAJO
Duitama,Boyacá,5.8277055,-73.0338939,112692,MEDIO
El Cocuy,Boyacá,6.4076711,-72.4457503,5241,MEDIO
El Espino,Boyacá,6.4825581,-72.4952026,4195,ALTO
Firavitoba,Boyacá,5.6690732,-72.9937461,5907,BAJO
Floresta,Boyacá,5.8598286,-72.9188214,8108,BAJO
Gachantivá,Boyacá,5.7422941,-73.53603985,2654,ALTO
Gameza,Boyacá,5.803284,-72.8042373,4856,MEDIO
Garagoa,Boyacá,5.08754645,-73.31602438,16944,MEDIO
Guacamayas,Boyacá,6.44327705,-72.51625397,1693,BAJO
Guateque,Boyacá,5.0226102,-73.49199017,9603,MEDIO
Guayatá,Boyacá,4.9647784,-73.4907277,5126,ALTO
Güicán,Boyacá,6.5527371,-72.23704146,6909,MEDIO
Iza,Boyacá,5.61222,-72.9794613,2349,SIN RIESGO
Jenesano,Boyacá,5.3728385,-73.38852475,7640,MEDIO
La Capilla,Boyacá,5.0953886,-73.4448527,2550,ALTO
La Uvita,Boyacá,6.26656335,-72.54131072,2523,MEDIO
La Victoria,Valle del Cauca,4.5232502,-76.0357835,1127,BAJO
Labranzagrande,Boyacá,5.54539925,-72.5974873,5099,ALTO
Macanal,Boyacá,4.9818602,-73.28547168,4821,ALTO
Maripí,Boyacá,5.5495156,-74.0046921,17229,BAJO
Miraflores,Boyacá,5.1955495,-73.1439858,14439,BAJO
Mongua,Boyacá,5.69745905,-72.68591887,4717,ALTO
Monguí,Boyacá,5.6981559,-72.83192674,4986,ALTO
Moniquirá,Boyacá,5.86870335,-73.5440979,21402,ALTO
Motavita,Boyacá,5.61241015,-73.37766151,8067,BAJO
Muzo,Boyacá,5.5321291,-74.1027796,9040,MEDIO
Nobsa,Boyacá,5.7683246,-72.9388553,16271,SIN RIESGO
Nuevo Colón,Boyacá,5.3549669,-73.45722,6559,MEDIO
Oicatá,Boyacá,5.6170796,-73.27484921,2834,BAJO
Otanche,Boyacá,5.74391565,-74.22081994,10660,ALTO
Pachavita,Boyacá,5.14969005,-73.40449163,2508,ALTO
Páez,Boyacá,5.1020137,-73.0521759,2913,ALTO
Paipa,Boyacá,5.83135355,-73.10741729,30740,SIN RIESGO
Pajarito,Boyacá,5.3740604,-72.67533748,1719,MEDIO
Panqueba,Boyacá,6.4427121,-72.45526018,1487,ALTO
Pauna,Boyacá,5.69296165,-73.99311973,10778,ALTO
Paya,Boyacá,5.6264922,-72.4251144,2550,MEDIO
Paz De Río,Boyacá,5.9873378,-72.7484759,4680,MEDIO
Pesca,Boyacá,5.5582793,-73.0514809,8032,ALTO
Pisba,Boyacá,5.73589315,-72.43887654,1344,MEDIO
Puerto Boyacá,Boyacá,6.0062944,-74.4092771,55286,BAJO
Quípama,Boyacá,5.5520248,-74.17723102,7874,BAJO
Ramiriquí,Boyacá,5.328904,-73.30407384,10015,MEDIO
Ráquira,Boyacá,5.49699205,-73.62526474,13588,ALTO
El Doncello,Caquetá,1.6815919,-75.2844565,22137,SIN RIESGO
Rondón,Boyacá,5.36017525,-73.19747105,2822,ALTO
Saboyá,Boyacá,5.704371,-73.74133899,12372,MEDIO
Sáchica,Boyacá,5.57776855,-73.53993303,3791,ALTO
Samacá,Boyacá,5.47286745,-73.50782394,19907,MEDIO
San Eduardo,Boyacá,5.3981052,-72.6214803,1862,ALTO
San José De Pare,Boyacá,6.0004695,-73.53632793,64555,ALTO
San Luis De Gaceno,Boyacá,4.8206948,-73.1679009,5120,MEDIO
San Mateo,Boyacá,6.4017573,-72.5559807,3682,MEDIO
San Miguel De Sema,Boyacá,5.5189895,-73.7229967,4556,BAJO
San Pablo De Borbur,Boyacá,5.6577541,-74.0625068,10524,MEDIO
Santa María,Huila,2.9374927,-75.5867503,11346,ALTO
Santa Rosa De Viterbo,Boyacá,5.8749,-72.98145396,13403,MEDIO
Santa Sofía,Boyacá,5.7135898,-73.603146,2704,ALTO
Santana,Boyacá,6.0574905,-73.4821629,7692,ALTO
Sativanorte,Boyacá,6.1262311,-72.74470515,2339,MEDIO
Sativasur,Boyacá,6.0625729,-72.68607205,1110,BAJO
Siachoque,Boyacá,5.4879559,-73.21198511,8964,MEDIO
Soatá,Boyacá,6.3218894,-72.70097149,7255,ALTO
Socha,Boyacá,5.997488,-72.6911515,7140,ALTO
Socotá,Boyacá,5.9370567,-72.53613565,8128,ALTO
Sogamoso,Boyacá,5.7148307,-72.9279328,113295,MEDIO
Somondoco,Boyacá,4.96186165,-73.43335563,3632,ALTO
Sora,Boyacá,5.5668504,-73.4499197,3025,MEDIO
Soracá,Boyacá,5.4839419,-73.320212,5353,MEDIO
Sotaquirá,Boyacá,5.78568085,-73.25921166,7709,ALTO
Susacón,Boyacá,6.23229415,-72.69185716,3095,MEDIO
Sutamarchán,Boyacá,5.63748405,-73.62751682,5916,ALTO
Sutatenza,Boyacá,5.02438415,-73.42675385,4086,MEDIO
Tasco,Boyacá,5.89835385,-72.75787451,6361,BAJO
Tenza,Boyacá,5.07638215,-73.41736086,4112,ALTO
Tibaná,Boyacá,5.31086645,-73.39118304,9186,MEDIO
Tibasosa,Boyacá,5.74808125,-73.01279082,14063,MEDIO
Tinjacá,Boyacá,5.572943,-73.67092178,3035,MEDIO
Tipacoque,Boyacá,6.4279842,-72.70010778,3206,MEDIO
Toca,Boyacá,5.5771231,-73.16845002,10157,ALTO
Togüí,Boyacá,5.9170442,-73.49643491,4966,ALTO
Tópaga,Boyacá,5.76645735,-72.84036336,3694,MEDIO
Tota,Boyacá,5.4766073,-73.01337605,5386,ALTO
Tunja,Boyacá,5.5158168,-73.37773195,188340,BAJO
Tununguá,Boyacá,5.71736945,-73.93126949,1840,ALTO
Turmequé,Boyacá,5.30145575,-73.51158626,6182,ALTO
Tuta,Boyacá,5.67861455,-73.18705632,9673,BAJO
Tutazá,Boyacá,6.0739913,-72.86241934,1890,SIN RIESGO
Umbita,Boyacá,5.22539545,-73.45806456,10314,ALTO
Ventaquemada,Boyacá,5.384167,-73.52431939,15442,MEDIO
Villa De Leyva,Boyacá,5.6336805,-73.523548,16478,MEDIO
Viracachá,Boyacá,5.44749285,-73.26671745,3222,MEDIO
Zetaquira,Boyacá,5.2821538,-73.16696533,4557,ALTO
Aguadas,Caldas,5.57913355,-75.41532225,10995,ALTO
Anserma,Caldas,5.1993524,-75.74941359,33792,ALTO
Aranzazu,Caldas,5.2791449,-75.4613817,11422,ALTO
Belalcázar,Caldas,4.9965888,-75.8238756,10863,ALTO
Chinchiná,Caldas,5.0353872,-75.5314733,51492,MEDIO
Filadelfia,Caldas,5.2905202,-75.587362,11034,ALTO
La Dorada,Caldas,5.5090892,-74.6831821,76963,MEDIO
La Merced,Caldas,5.0878086,-75.8908408,5508,ALTO
Manizales,Caldas,5.0681104,-75.5173198,396102,ALTO
Manzanares,Caldas,5.23261095,-75.15965964,23274,ALTO
Marmato,Caldas,5.488117,-75.59962895,9096,ALTO
Marquetalia,Caldas,5.30184445,-75.0449517,14992,ALTO
Marulanda,Caldas,5.21204235,-75.29321293,3406,ALTO
Neira,Caldas,5.1917458,-75.51957946,30513,ALTO
Norcasia,Caldas,5.63971375,-74.83276261,6374,ALTO
Pácora,Caldas,5.568679,-75.4857425,11952,ALTO
Palestina,Huila,1.7229505,-76.1311882,11560,ALTO
Pensilvania,Caldas,5.3795316,-75.1175706,26361,ALTO
Riosucio,Caldas,5.4495362,-75.77103035,28832,ALTO
Risaralda,Caldas,5.5189739,-75.7682122,9583,ALTO
Salamina,Magdalena,10.4902585,-74.7937782,7089,MEDIO
Samaná,Caldas,5.53461495,-75.02655446,25777,ALTO
San José,Caldas,5.3729448,-75.1549897,7588,ALTO
Supía,Caldas,5.4541582,-75.6679046,4048,ALTO
Victoria,Caldas,4.852512,-75.4073776,8415,ALTO
Villamaría,Caldas,4.92729255,-75.45347342,56288,ALTO
Viterbo,Caldas,5.0379416,-75.88605401,12469,ALTO
Albania,Santander,5.7587654,-73.9151617,5096,MEDIO
Belén De Los Andaquíes,Caquetá,1.4636189,-75.89085082,11541,SIN RIESGO
Curillo,Caquetá,1.0624341,-75.91810335,5029,MEDIO
Florencia,Cauca,1.6830289,-77.0726877,6132,BAJO
La Montañita,Caquetá,1.4817139,-75.4356404,23620,MEDIO
Milán,Caquetá,1.2900867,-75.5076247,14864,ALTO
Morelia,Caquetá,1.4874697,-75.724859,3813,INVIABLE SANITARIAMENTE
Puerto Rico,Meta,2.9402122,-73.2051337,1350,BAJO
San José Del Fragua,Caquetá,1.3314207,-75.9727503,14921,SIN RIESGO
San Vicente Del Caguán,Caquetá,2.1131213,-74.7697347,67994,BAJO
Solano,Caquetá,0.24063245,-72.52150398,9327,SIN RIESGO
Solita,Caquetá,0.91697185,-75.66354067,9140,ALTO
Aguazul,Casanare,5.1708408,-72.550846,38515,SIN RIESGO
Chameza,Casanare,5.2358115,-72.87087667,2460,MEDIO
Hato Corozal,Casanare,6.1506147,-71.9797775,12147,ALTO
La Salina,Casanare,6.1280149,-72.3341783,1420,BAJO
Maní,Casanare,4.8181461,-72.280552,11135,SIN RIESGO
Monterrey,Casanare,4.8764494,-72.8967215,14828,ALTO
Nunchía,Casanare,5.6378301,-72.1949416,8827,BAJO
Orocué,Casanare,4.789484,-71.3406351,8309,BAJO
Paz De Ariporo,Casanare,5.77222035,-70.98921402,26605,SIN RIESGO
Pore,Casanare,5.709227,-71.981872,7919,ALTO
Recetor,Casanare,5.2294576,-72.7608661,4070,ALTO
Sácama,Casanare,6.0813737,-72.1718514,2001,MEDIO
San Luis De Palenque,Casanare,5.422039,-71.7314386,7765,MEDIO
Támara,Casanare,5.8304221,-72.1630205,7040,ALTO
Tauramena,Casanare,5.013414,-72.7507084,22076,BAJO
Trinidad,Casanare,5.407867,-71.6617007,14741,MEDIO
Yopal,Casanare,5.3356662,-72.3936931,139734,BAJO
Almaguer,Cauca,1.9142744,-76.8548514,21243,BAJO
Balboa,Risaralda,4.9510551,-75.9591466,6331,MEDIO
Bolívar,Valle del Cauca,4.3371598,-76.1847481,13474,ALTO
Buenos Aires,Cauca,3.39298005,-76.54977686,32225,BAJO
Cajibío,Cauca,2.655067,-76.71650158,37522,SIN RIESGO
Caldono,Cauca,2.796326,-76.4836526,33122,MEDIO
Caloto,Cauca,3.04497365,-76.36850849,17642,ALTO
Corinto,Cauca,3.1733723,-76.2600266,14660,SIN RIESGO
El Tambo,Nariño,1.4081573,-77.3918509,12271,ALTO
Inzá,Cauca,2.49781685,-76.09883828,30803,BAJO
Jambaló,Cauca,2.7776822,-76.3243788,17590,SIN RIESGO
La Sierra,Cauca,2.1763552,-76.7634852,10643,BAJO
La Vega,Cundinamarca,5.0006956,-74.3400051,14230,SIN RIESGO
Mercaderes,Cauca,1.80541635,-77.16208883,18061,BAJO
Miranda,Cauca,3.2511475,-76.2291572,39718,SIN RIESGO
Padilla,Cauca,3.2254364,-76.3139739,19586,SIN RIESGO
Paez,Cauca,2.9261568,-76.4637272,35059,SIN RIESGO
Patía,Cauca,2.1327753,-77.0175636,36205,SIN RIESGO
Piamonte,Cauca,1.1198098,-76.3257151,7347,INVIABLE SANITARIAMENTE
Piendamó,Cauca,2.7352682,-76.55323125,42886,MEDIO
Popayán,Cauca,2.4420181,-76.6062744,277441,SIN RIESGO
Puerto Tejada,Cauca,3.2288972,-76.4192267,45678,MEDIO
Puracé,Cauca,2.2627266,-76.46427864,15261,MEDIO
Rosas,Cauca,2.2621018,-76.7392875,13302,BAJO
San Sebastián,Cauca,1.8386665,-76.7697662,13924,INVIABLE SANITARIAMENTE
Santacruz,Nariño,1.2216539,-77.6772324,28171,ALTO
Santander De Quilichao,Cauca,2.99828845,-76.51019933,93545,BAJO
Silvia,Cauca,2.6115436,-76.378424,32159,SIN RIESGO
Sotará,Cauca,2.2254092,-76.59237859,16968,MEDIO
Suárez,Cauca,3.0201303,-76.75027451,4555,BAJO
Sucre,Sucre,-19.0477251,-65.2594306,22386,MEDIO
Timbío,Cauca,2.38094855,-76.70087659,33883,SIN RIESGO
Timbiquí,Cauca,2.659671,-77.42706964,21617,INVIABLE SANITARIAMENTE
Toribio,Cauca,2.9554697,-76.2686889,29187,BAJO
Totoró,Cauca,2.49664855,-76.35738015,20123,ALTO
Villa Rica,Cauca,3.1818326,-76.46021239,16189,MEDIO
Aguachica,Cesar,8.24811845,-73.62140381,92957,SIN RIESGO
Agustín Codazzi,Cesar,10.0374894,-73.2387011,50829,BAJO
Astrea,Cesar,9.4962322,-73.9756293,19195,ALTO
Becerril,Cesar,9.75308145,-73.24380167,13453,MEDIO
Bosconia,Cesar,9.9284449,-73.85871453,37248,ALTO
Chimichagua,Cesar,9.2380455,-73.8200515,30658,SIN RIESGO
Chiriguaná,Cesar,9.3636401,-73.6016974,19650,ALTO
Curumaní,Cesar,9.1995316,-73.5440609,24367,SIN RIESGO
El Copey,Cesar,10.2030142,-73.91617501,26473,SIN RIESGO
El Paso,Cesar,9.6589481,-73.7504695,22832,ALTO
Gamarra,Cesar,8.32013985,-73.71478503,16644,MEDIO
González,Cesar,8.39523625,-73.37369797,6990,ALTO
La Gloria,Cesar,8.6182682,-73.8013876,12938,ALTO
La Jagua De Ibirico,Cesar,9.5613975,-73.3328147,22282,BAJO
La Paz,Santander,6.1785935,-73.5895841,5152,MEDIO
Manaure,La Guajira,11.625262,-72.60433371,103961,BAJO
Pailitas,Cesar,8.94921485,-73.56783743,17166,ALTO
Pelaya,Cesar,8.7699484,-73.64326016,17910,ALTO
Pueblo Bello,Cesar,10.4119057,-73.5909603,22275,MEDIO
Río De Oro,Cesar,8.2924446,-73.385798,9695,SIN RIESGO
San Alberto,Cesar,7.7611095,-73.3932831,31365,SIN RIESGO
San Diego,Cesar,10.3326328,-73.1796691,13376,SIN RIESGO
San Martín,Meta,3.6943897,-73.6952914,24670,MEDIO
Tamalameque,Cesar,8.89759475,-73.78562402,13862,INVIABLE SANITARIAMENTE
Valledupar,Cesar,10.34311145,-73.37579339,453205,SIN RIESGO
Cértegui,Chocó,5.38214415,-76.52049987,10068,MEDIO
Ayapel,Córdoba,8.27184485,-75.04566421,51164,BAJO
Canalete,Córdoba,8.7128498,-76.2520253,21548,ALTO
Cereté,Córdoba,8.8884178,-75.84239457,91525,SIN RIESGO
Chimá,Córdoba,9.10226505,-75.65938133,15018,SIN RIESGO
Chinú,Córdoba,9.02310485,-75.38662749,48304,SIN RIESGO
Cotorra,Córdoba,9.0615385,-75.76115675,15447,MEDIO
La Apartada,Córdoba,8.0484697,-75.333651,15204,ALTO
Lorica,Córdoba,9.189007,-75.87850892,17584,BAJO
Los Córdobas,Córdoba,8.8922529,-76.3549184,23760,BAJO
Montelíbano,Córdoba,7.76147915,-75.54125571,81341,BAJO
Montería,Córdoba,8.7558921,-75.887029,441260,SIN RIESGO
Moñitos,Córdoba,9.19958045,-76.1255959,27433,MEDIO
Planeta Rica,Córdoba,8.4076739,-75.5840456,67188,SIN RIESGO
Pueblo Nuevo,Córdoba,-33.0978217,-64.33279042,38559,ALTO
Puerto Escondido,Córdoba,9.0142629,-76.2625983,29141,ALTO
Puerto Libertador,Córdoba,7.8900299,-75.6695487,47643,MEDIO
Sahagún,Córdoba,8.79743105,-75.45217724,89867,BAJO
San Andrés Sotavento,Córdoba,9.1457678,-75.5090819,42747,SIN RIESGO
San Bernardo Del Viento,Córdoba,9.353219,-75.9536761,34782,ALTO
San José de Uré,Córdoba,7.7857846,-75.5344902,11549,MEDIO
San Pelayo,Córdoba,8.9572178,-75.8374769,43584,ALTO
Tierralta,Córdoba,7.84705275,-76.22486782,99911,BAJO
Valencia,Córdoba,8.2572483,-76.1499084,42971,BAJO
Albán,Nariño,1.0962968,-77.5685988,22131,ALTO
Anapoima,Cundinamarca,4.5638824,-74.52493044,13312,BAJO
Anolaima,Cundinamarca,4.78698015,-74.46596986,12311,BAJO
Apulo,Cundinamarca,4.53812835,-74.58595769,7812,MEDIO
Arbeláez,Cundinamarca,4.23374295,-74.41247974,12292,MEDIO
Beltrán,Cundinamarca,4.71435715,-74.77920528,2197,MEDIO
Bituima,Cundinamarca,4.8691261,-74.52228679,2520,BAJO
Bojacá,Cundinamarca,4.6904795,-74.32575757,11555,MEDIO
Cabrera,Santander,6.5933521,-73.2463975,2267,BAJO
Cachipay,Cundinamarca,4.72885605,-74.46078356,9833,BAJO
Cajicá,Cundinamarca,4.9172215,-74.0255474,56875,SIN RIESGO
Caparrapí,Cundinamarca,5.37362775,-74.52602189,47195,MEDIO
Caqueza,Cundinamarca,4.39774645,-73.9450047,17048,SIN RIESGO
Carmen De Carupa,Cundinamarca,5.3485046,-73.9016622,9109,SIN RIESGO
Chaguaní,Cundinamarca,4.94902105,-74.62599255,3981,BAJO
Chía,Cundinamarca,4.8612976,-74.0599286,126647,SIN RIESGO
Chipaque,Cundinamarca,4.4073852,-74.08605776,8400,BAJO
Choachí,Cundinamarca,4.57759445,-73.920546,10729,SIN RIESGO
Chocontá,Cundinamarca,5.1459409,-73.6839512,25257,SIN RIESGO
Cogua,Cundinamarca,5.11297315,-73.95798271,22361,MEDIO
Cota,Cundinamarca,4.8093624,-74.1015739,24916,BAJO
Cucunubá,Cundinamarca,5.2502785,-73.7664625,7479,SIN RIESGO
El Colegio,Cundinamarca,4.5809252,-74.4416222,21832,SIN RIESGO
El Rosal,Cundinamarca,4.8837938,-74.23449621,17254,SIN RIESGO
Facatativá,Cundinamarca,4.8097329,-74.3541284,132106,SIN RIESGO
Fomeque,Cundinamarca,4.4871667,-73.8933937,12214,MEDIO
Fosca,Cundinamarca,4.31723725,-73.95243873,7524,BAJO
Funza,Cundinamarca,4.7163036,-74.2122206,75350,SIN RIESGO
Fúquene,Cundinamarca,5.4083822,-73.77339414,5617,SIN RIESGO
Fusagasugá,Cundinamarca,4.3369235,-74.3644854,134523,SIN RIESGO
Gachala,Cundinamarca,4.66355795,-73.49173558,5715,SIN RIESGO
Gachancipá,Cundinamarca,4.9920291,-73.8721107,14442,SIN RIESGO
Gachetá,Cundinamarca,4.8174862,-73.6371013,11086,BAJO
Gama,Cundinamarca,4.7636089,-73.6100336,3996,SIN RIESGO
Girardot,Cundinamarca,4.306643,-74.8015665,105085,SIN RIESGO
Guachetá,Cundinamarca,5.3850905,-73.6859041,11385,SIN RIESGO
Guaduas,Cundinamarca,5.20444635,-74.6662024,38366,SIN RIESGO
Guasca,Cundinamarca,4.8665366,-73.877972,14759,SIN RIESGO
Guataquí,Cundinamarca,4.5181995,-74.7899996,8576,MEDIO
Guatavita,Cundinamarca,4.935694,-73.8322377,6898,MEDIO
Guayabal De Siquima,Cundinamarca,4.8782654,-74.4675635,3638,BAJO
Guayabetal,Cundinamarca,4.2156681,-73.8149405,4931,BAJO
Gutiérrez,Cundinamarca,4.14912415,-74.0224684,4097,MEDIO
Jerusalén,Cundinamarca,4.55644815,-74.70390611,2679,BAJO
Junín,Cundinamarca,4.7901837,-73.6631717,8610,BAJO
La Calera,Cundinamarca,4.7066296,-73.93206574,27527,SIN RIESGO
La Mesa,Cundinamarca,4.2141468,-73.8769383,31350,MEDIO
La Palma,Cundinamarca,5.3606208,-74.3905123,10727,MEDIO
La Peña,Cundinamarca,5.1976554,-74.3941494,7029,MEDIO
Lenguazaque,Cundinamarca,5.3064933,-73.7115759,10268,MEDIO
Macheta,Cundinamarca,5.0804789,-73.6077283,6316,BAJO
Zona Bananera,Magdalena,10.7969213,-74.18077834,60524,ALTO
Madrid,Cundinamarca,4.731706,-74.259176,77627,SIN RIESGO
Manta,Cundinamarca,5.0089682,-73.5407102,4719,MEDIO
Medina,Cundinamarca,4.510562,-73.3507441,10108,BAJO
Mosquera,Nariño,2.5092407,-78.4512867,16270,BAJO
Nemocón,Cundinamarca,5.0651745,-73.8759893,13488,SIN RIESGO
Nilo,Cundinamarca,4.28588055,-74.61348601,18384,SIN RIESGO
Nimaima,Cundinamarca,5.1341412,-74.38503122,6679,SIN RIESGO
Nocaima,Cundinamarca,5.0637763,-74.37985777,8004,BAJO
Ovejas,Sucre,9.55374005,-75.18883125,21091,BAJO
Pacho,Cundinamarca,5.1319719,-74.1580379,27179,SIN RIESGO
Paime,Cundinamarca,5.3708048,-74.1528181,4502,BAJO
Pandi,Cundinamarca,4.192251,-74.4860101,5658,BAJO
Paratebueno,Cundinamarca,4.47890955,-73.15608964,7726,MEDIO
Pasca,Cundinamarca,4.29739665,-74.27714118,12175,MEDIO
Puerto Salgar,Cundinamarca,5.4648005,-74.6550167,18688,SIN RIESGO
Pulí,Cundinamarca,4.6809255,-74.7135542,2999,MEDIO
San Juan Del Cesar,La Guajira,10.81475945,-73.0844607,37327,BAJO
Quebradanegra,Cundinamarca,5.1067732,-74.49578557,4738,BAJO
Quetame,Cundinamarca,4.33002875,-73.84979608,7141,SIN RIESGO
Quipile,Cundinamarca,4.7439107,-74.5336882,8164,SIN RIESGO
Ricaurte,Nariño,1.2150189,-78.0027619,18666,ALTO
San Antonio Del Tequendama,Cundinamarca,4.616171,-74.3509553,13084,SIN RIESGO
San Bernardo,Nariño,1.53358885,-77.01844553,19201,ALTO
San Cayetano,Norte de Santander,7.8775439,-72.6244091,5424,MEDIO
San Juan De Río Seco,Cundinamarca,4.8455155,-74.6225366,9670,ALTO
Sasaima,Cundinamarca,4.9645773,-74.4331151,10688,BAJO
Sesquilé,Cundinamarca,5.0446176,-73.7963901,13936,SIN RIESGO
Sibaté,Cundinamarca,4.4660995,-74.26577107,38412,MEDIO
Silvania,Cundinamarca,4.43196765,-74.36869205,21984,BAJO
Simijaca,Cundinamarca,5.5033372,-73.8523039,13077,SIN RIESGO
Soacha,Cundinamarca,4.5821279,-74.2197205,511262,SIN RIESGO
Sopó,Cundinamarca,4.9089313,-73.9402018,26769,SIN RIESGO
Subachoque,Cundinamarca,4.9279694,-74.1739644,16117,BAJO
Suesca,Cundinamarca,5.1032558,-73.7999769,17318,MEDIO
Supatá,Cundinamarca,5.0621666,-74.2364021,5022,BAJO
Susa,Cundinamarca,5.454483,-73.8142658,12302,BAJO
Sutatausa,Cundinamarca,5.2473426,-73.8530352,5564,SIN RIESGO
Tabio,Cundinamarca,4.9171844,-74.097048,27033,BAJO
Tausa,Cundinamarca,5.1960563,-73.8867488,8801,BAJO
Tena,Cundinamarca,4.6554712,-74.3893393,8941,BAJO
Tenjo,Cundinamarca,4.82671705,-74.15357007,19849,SIN RIESGO
Tibacuy,Cundinamarca,4.32425315,-74.47943798,4828,SIN RIESGO
Tibirita,Cundinamarca,5.0533345,-73.5036644,2950,MEDIO
Tocaima,Cundinamarca,4.4884172,-74.65461468,18387,SIN RIESGO
Tocancipá,Cundinamarca,4.9720528,-73.92178517,31975,SIN RIESGO
Topaipí,Cundinamarca,5.3353896,-74.3026812,4529,BAJO
Ubalá,Cundinamarca,4.7444552,-73.534592,10718,BAJO
Ubaque,Cundinamarca,4.4822948,-73.9349377,6166,MEDIO
Une,Cundinamarca,4.30628325,-74.06220596,9196,SIN RIESGO
Útica,Cundinamarca,5.19028395,-74.47557419,41326,SIN RIESGO
Vergara,Cundinamarca,5.1183756,-74.3451863,7677,BAJO
Vianí,Cundinamarca,4.87943995,-74.56449872,4191,BAJO
Villa De San Diego De Ubate,Cundinamarca,5.314307,-73.816287,38809,SIN RIESGO
Villagómez,Cundinamarca,5.2731679,-74.1951778,2171,SIN RIESGO
Villapinzón,Cundinamarca,5.2443517,-73.59302115,19742,SIN RIESGO
Villeta,Cundinamarca,5.00754475,-74.48493617,25164,SIN RIESGO
Viotá,Cundinamarca,4.43815535,-74.49870705,13351,BAJO
Uribia,La Guajira,11.99171685,-71.67686071,174287,BAJO
Yacopí,Cundinamarca,5.61170265,-74.41324869,16951,MEDIO
Zipacón,Cundinamarca,4.75282155,-74.37905449,5570,ALTO
Zipaquirá,Cundinamarca,5.0620431,-74.06250301,122347,SIN RIESGO
Barranco Minas,Guainía,3.4942395,-69.8132615,4862,ALTO
Inírida,Guainía,2.60771415,-69.18913663,19816,MEDIO
Acevedo,Huila,1.8070452,-75.888501,32897,ALTO
Agrado,Huila,2.2580718,-75.7712079,8834,ALTO
Aipe,Huila,3.2386692,-75.29456779,26219,ALTO
Algeciras,Huila,2.5246661,-75.316688,24499,ALTO
Altamira,Huila,2.0644,-75.7874126,4293,ALTO
Baraya,Huila,3.0884886,-74.9444145,9610,ALTO
Campoalegre,Huila,2.6454014,-75.32471791,34309,ALTO
Colombia,Huila,2.4738993,-75.5900113,12413,ALTO
Elías,Huila,2.0136193,-75.9392336,3930,ALTO
Garzón,Huila,2.1625835,-75.55514449,88213,ALTO
Gigante,Huila,2.3881745,-75.5468663,33313,ALTO
Hobo,Huila,2.5811045,-75.4494997,6927,ALTO
Iquira,Huila,2.6499277,-75.6352082,12730,ALTO
Isnos,Huila,2.06774625,-76.32055768,27147,ALTO
La Argentina,Huila,2.1985723,-75.9791154,14021,ALTO
La Plata,Huila,2.3894154,-75.8926236,62722,ALTO
Nátaga,Huila,2.5458659,-75.8091677,22574,ALTO
Neiva,Huila,3.0332673,-75.27944177,342221,MEDIO
Oporapa,Huila,2.0656009,-76.04616717,13514,ALTO
Paicol,Huila,2.4041033,-75.7113528,5565,ALTO
Palermo,Huila,2.8896962,-75.4346589,32677,MEDIO
Pital,Huila,2.25746925,-75.83396934,13684,ALTO
Pitalito,Huila,1.8171632,-76.10213622,125823,ALTO
Rivera,Huila,2.7779482,-75.2582697,18797,ALTO
Saladoblanco,Huila,2.1153074,-76.24522914,11462,ALTO
San Agustín,Huila,1.6784777,-76.3438023,32898,ALTO
Suaza,Huila,1.8696023,-75.81674918,18965,ALTO
Tarqui,Huila,2.12777655,-75.8677156,17601,ALTO
Tello,Huila,3.02109705,-75.07057067,9740,ALTO
Teruel,Huila,2.7416333,-75.5683448,8749,ALTO
Tesalia,Huila,2.54659965,-75.70850716,9248,MEDIO
Timaná,Huila,1.95016885,-75.92657974,20315,ALTO
Villavieja,Huila,3.28398155,-75.12124825,7314,MEDIO
Yaguará,Huila,2.63616895,-75.51996135,8952,ALTO
Barrancas,La Guajira,10.9782843,-72.69611762,34619,ALTO
Dibulla,La Guajira,11.0829542,-73.44723237,32983,INVIABLE SANITARIAMENTE
Distracción,La Guajira,10.8993688,-72.8875669,15790,BAJO
El Molino,La Guajira,10.6523076,-72.9215565,8728,SIN RIESGO
Fonseca,La Guajira,10.84200945,-72.78202584,33254,ALTO
Hato Nuevo,La Guajira,11.09527935,-72.7608612,24916,MEDIO
La Jagua Del Pilar,La Guajira,10.5102023,-73.0709956,3213,MEDIO
Maicao,La Guajira,11.3779233,-72.2388947,157054,SIN RIESGO
Riohacha,La Guajira,11.544634,-72.9069784,259509,SIN RIESGO
Algarrobo,Magdalena,10.22268125,-74.12051811,12576,MEDIO
Aracataca,Magdalena,10.5906011,-74.1876803,39473,ALTO
Ariguaní,Magdalena,9.8005467,-74.05995463,32166,ALTO
Cerro San Antonio,Magdalena,5.6417923,-74.9650465,14400,MEDIO
Chibolo,Magdalena,10.0889797,-74.51138233,15960,ALTO
Ciénaga,Magdalena,10.8567448,-73.95383685,104319,SIN RIESGO
El Banco,Magdalena,8.9953753,-73.9723091,55530,SIN RIESGO
El Piñon,Magdalena,10.4042864,-74.8243075,16752,MEDIO
El Retén,Magdalena,10.612076,-74.2695268,22975,ALTO
Fundación,Magdalena,10.4593846,-73.84076323,57344,MEDIO
Guamal,Meta,3.7943196,-73.5522759,9366,MEDIO
Nueva Granada,Magdalena,9.8018198,-74.3923786,19783,ALTO
Pedraza,Magdalena,10.1886281,-74.9159974,5619,MEDIO
Pijiño Del Carmen,Magdalena,9.3304217,-74.4535166,15759,ALTO
Pivijay,Magdalena,10.4648793,-74.6163043,33924,MEDIO
Plato,Magdalena,9.7707167,-74.61364817,57848,MEDIO
Puebloviejo,Magdalena,10.83305295,-74.36797092,30462,ALTO
Remolino,Magdalena,10.6403119,-74.59058565,8150,ALTO
Sabanas De San Angel,Magdalena,10.0311352,-74.2143346,16865,SIN RIESGO
San Sebastián De Buenavista,Magdalena,9.2397583,-74.3515536,17483,MEDIO
San Zenón,Magdalena,9.2448808,-74.4984302,9107,ALTO
Santa Ana,Magdalena,9.3229035,-74.5696573,25938,ALTO
Santa Bárbara De Pinto,Magdalena,9.4316572,-74.70475,12610,ALTO
Santa Marta,Magdalena,11.08665565,-73.880352,483722,SIN RIESGO
Sitionuevo,Magdalena,10.9107812,-74.60175177,31706,INVIABLE SANITARIAMENTE
Tenerife,Magdalena,9.9003487,-74.8589973,12243,ALTO
Zapayán,Magdalena,10.1682143,-74.7159253,8801,INVIABLE SANITARIAMENTE
Acacías,Meta,3.9861122,-73.7583005,68888,MEDIO
Barranca De Upía,Meta,4.5656099,-72.96015693,3926,MEDIO
Cabuyaro,Meta,4.2887655,-72.7898901,4018,MEDIO
Castilla La Nueva,Meta,3.8275343,-73.6892805,9612,MEDIO
Cubarral,Meta,3.8062823,-73.8443539,5946,ALTO
Cumaral,Meta,4.2681176,-73.4869533,18020,MEDIO
El Calvario,Meta,4.3527082,-73.7141414,2240,ALTO
El Castillo,Meta,3.5647959,-73.7942913,6362,INVIABLE SANITARIAMENTE
El Dorado,Meta,3.7335285,-73.5764641,3429,MEDIO
Fuente De Oro,Meta,3.4600781,-73.618952,13263,ALTO
La Macarena,Meta,3.6337275,-73.8548887,32861,MEDIO
Lejanías,Meta,3.61861615,-74.12529008,9403,ALTO
Mesetas,Meta,3.3840276,-74.0438661,11287,ALTO
Puerto Concordia,Meta,2.6236384,-72.7585944,20897,BAJO
Puerto Gaitán,Meta,4.3120724,-72.0829509,18556,MEDIO
Puerto Lleras,Meta,3.390313,-73.5585405,1941,MEDIO
Puerto López,Meta,4.085013,-72.9584671,33440,ALTO
Restrepo,Valle del Cauca,3.822009,-76.5222535,16227,MEDIO
San Carlos De Guaroa,Meta,3.71161,-73.24344,9581,MEDIO
San Juan De Arama,Meta,3.34639,-73.88944,8837,ALTO
San Juanito,Meta,3.7936173,-73.3226523,2165,ALTO
Uribe,Meta,3.2413296,-74.3510657,16155,MEDIO
Villavicencio,Meta,4.1315113,-73.6206667,484429,MEDIO
Vista Hermosa,Meta,3.12632435,-73.75186837,10696,ALTO
Aldana,Nariño,0.8822547,-77.7003164,6085,MEDIO
Ancuyá,Nariño,1.2615284,-77.5147482,7083,ALTO
Arboleda,Nariño,1.3438199,-77.539261,6837,ALTO
Barbacoas,Nariño,1.49613655,-78.0764462,37851,ALTO
Buesaco,Nariño,1.3292917,-77.12315178,25063,ALTO
Chachagüí,Nariño,1.4051167,-77.27436575,13784,ALTO
Colón,Putumayo,1.1894909,-76.9725122,5519,MEDIO
Consaca,Nariño,1.2082795,-77.4656149,9386,ALTO
Contadero,Nariño,0.927464,-77.52194753,6954,ALTO
Cuaspud,Nariño,0.87509105,-77.74201138,8592,ALTO
Cumbal,Nariño,0.9396153,-77.99224708,37635,ALTO
Cumbitara,Nariño,1.7410705,-77.59623115,15239,ALTO
El Charco,Nariño,2.4771921,-78.110211,36856,ALTO
El Peñol,Nariño,1.52412415,-77.42454816,6500,ALTO
El Rosario,Nariño,1.7432036,-77.3350718,10201,ALTO
El Tablón De Gómez,Nariño,1.4272902,-77.0972848,12757,ALTO
Francisco Pizarro,Nariño,2.0419186,-78.6441196,15039,ALTO
Funes,Nariño,1.0004497,-77.4481684,29106,ALTO
Guachucal,Nariño,0.9573434,-77.7333581,15652,ALTO
Guaitarilla,Nariño,1.1305245,-77.5483421,12011,ALTO
Gualmatán,Nariño,0.919293,-77.5685523,5767,ALTO
Iles,Nariño,0.9522313,-77.5225186,8701,ALTO
Imués,Nariño,1.050682,-77.5082921,6236,ALTO
Ipiales,Nariño,0.6328242,-77.36110637,138679,ALTO
La Cruz,Nariño,1.6003354,-76.9711667,18220,ALTO
La Florida,Nariño,1.2986074,-77.4044845,9555,MEDIO
La Llanada,Nariño,1.4731983,-77.580349,29935,ALTO
La Tola,Nariño,2.3992361,-78.1901271,12584,MEDIO
Leiva,Nariño,2.0178816,-77.2964533,13849,ALTO
Linares,Nariño,1.3511321,-77.523491,10042,ALTO
Los Andes,Nariño,1.4921286,-77.5210914,19414,ALTO
Magüi,Nariño,1.1476319,-78.0934952,22437,INVIABLE SANITARIAMENTE
Mallama,Nariño,1.140854,-77.8645961,7755,ALTO
Olaya Herrera,Nariño,2.31012795,-78.30420998,31204,INVIABLE SANITARIAMENTE
Ospina,Nariño,1.0585375,-77.5660131,76227,ALTO
Pasto,Nariño,1.2146286,-77.2782516,440040,MEDIO
Policarpa,Nariño,1.6284964,-77.4598774,16834,ALTO
Potosí,Nariño,0.8067538,-77.5724665,12137,ALTO
Puerres,Nariño,0.8835077,-77.5036766,8384,ALTO
Pupiales,Nariño,0.8707969,-77.6419358,19388,ALTO
Roberto Payán,Nariño,1.86934395,-78.36941927,22613,ALTO
Samaniego,Nariño,1.3385009,-77.5929381,49545,ALTO
San Andres De Tumaco,Nariño,2.2830077,-78.5019373,199659,ALTO
San Lorenzo,Nariño,1.5031548,-77.2153366,19849,ALTO
San Pedro De Cartago,Nariño,1.5384785,-77.10132504,7539,ALTO
Sandoná,Nariño,1.29918535,-77.47593481,25685,BAJO
Sapuyes,Nariño,1.0377201,-77.6209192,6355,MEDIO
Taminango,Nariño,1.5696216,-77.2772963,20537,ALTO
Tangua,Nariño,1.0955415,-77.3931457,9629,ALTO
Túquerres,Nariño,1.0877864,-77.6190579,40599,ALTO
Yacuanquer,Nariño,1.1158819,-77.4017561,10968,ALTO
Abrego,Norte de Santander,8.1420669,-73.1196354,37997,MEDIO
Arboledas,Norte de Santander,7.6707185,-72.7237135,8984,MEDIO
Bochalema,Norte de Santander,7.644363,-72.65386193,6973,MEDIO
Bucarasica,Norte de Santander,8.0649425,-72.9391079,4570,MEDIO
Cachirá,Norte de Santander,7.7419001,-73.0485225,10970,MEDIO
Cácota,Norte de Santander,7.2597706,-72.65572345,1925,ALTO
Chinácota,Norte de Santander,7.5779229,-72.59748921,16348,MEDIO
Chitagá,Norte de Santander,7.06863155,-72.53738974,10373,MEDIO
Convención,Norte de Santander,8.5833769,-73.2830742,13569,ALTO
Cúcuta,Norte de Santander,7.8971458,-72.5080387,649983,SIN RIESGO
Cucutilla,Norte de Santander,7.49960565,-72.77662454,7686,ALTO
Durania,Norte de Santander,7.7141729,-72.6566936,3768,MEDIO
El Carmen,Norte de Santander,8.6473135,-73.4082035,14005,MEDIO
El Tarra,Norte de Santander,8.6474367,-73.0336777,10957,MEDIO
El Zulia,Norte de Santander,7.9312397,-72.6011047,22843,MEDIO
Gramalote,Norte de Santander,7.8334255,-72.4773583,5567,MEDIO
Hacarí,Norte de Santander,8.3208498,-73.1453266,10657,MEDIO
Herrán,Norte de Santander,7.5061961,-72.4826476,4045,MEDIO
La Esperanza,Norte de Santander,7.6392286,-73.3280335,12012,MEDIO
La Playa,Norte de Santander,8.2670915,-72.757907,8546,MEDIO
Labateca,Norte de Santander,7.27873485,-72.5106496,5867,ALTO
Los Patios,Norte de Santander,7.8342202,-72.5059128,76524,BAJO
Lourdes,Norte de Santander,7.9449398,-72.8329198,3365,MEDIO
Mutiscua,Norte de Santander,7.3149017,-72.77444144,3759,MEDIO
Ocaña,Norte de Santander,8.1758238,-73.3670106,98229,BAJO
Pamplona,Norte de Santander,7.36771875,-72.64641371,57393,BAJO
Pamplonita,Norte de Santander,7.47997285,-72.63659223,4932,MEDIO
Puerto Santander,Norte de Santander,8.3546568,-72.4145867,2932,BAJO
Ragonvalia,Norte de Santander,7.5779537,-72.4760325,6891,BAJO
Salazar,Norte de Santander,7.7729738,-72.8120671,14447,MEDIO
San Calixto,Norte de Santander,8.4585022,-73.1876326,13514,ALTO
Santiago,Putumayo,1.146773,-77.0024767,10428,MEDIO
Sardinata,Norte de Santander,8.1348124,-72.788915,22632,MEDIO
Silos,Norte de Santander,7.2054262,-72.7562972,4445,MEDIO
Teorama,Norte de Santander,8.5432291,-73.1876191,21524,ALTO
Tibú,Norte de Santander,8.7828443,-72.8988647,36502,BAJO
Villa Caro,Norte de Santander,7.9144121,-72.972949,5192,MEDIO
Villa Del Rosario,Norte de Santander,7.8318933,-72.4717181,88433,BAJO
Leguízamo,Putumayo,-0.3560227,-74.6440533,15445,BAJO
Mocoa,Putumayo,1.1466295,-76.6482327,42074,ALTO
Orito,Putumayo,0.6867328,-76.8757743,52580,ALTO
Puerto Asís,Putumayo,0.5932591,-76.5765084,60138,ALTO
Puerto Caicedo,Putumayo,0.6841941,-76.6044095,14575,MEDIO
Puerto Guzmán,Putumayo,0.7558808,-75.87947983,23699,MEDIO
San Miguel,Santander,6.57523185,-72.64510751,26551,SIN RIESGO
Sibundoy,Putumayo,1.22919055,-76.9114199,14136,ALTO
Valle Del Guamuez,Putumayo,0.44932225,-76.87845089,51842,ALTO
Villagarzón,Putumayo,0.9227343,-76.78006695,21134,ALTO
Calarca,Quindio,4.5299057,-75.6402893,19656,SIN RIESGO
Circasia,Quindio,4.6113471,-75.66242566,29886,BAJO
Filandia,Quindio,4.6910514,-75.6495398,13414,SIN RIESGO
Génova,Quindio,4.1343672,-75.7347858,7916,SIN RIESGO
La Tebaida,Quindio,4.4512175,-75.7887314,42141,BAJO
Montenegro,Quindio,4.5664176,-75.7507081,41286,SIN RIESGO
Pijao,Quindio,4.3341444,-75.7038062,6139,BAJO
Quimbaya,Quindio,4.6132381,-75.80237991,34945,BAJO
Salento,Quindio,4.6837442,-75.5541489,7111,BAJO
Apía,Risaralda,5.1065543,-75.9425022,18976,MEDIO
Belén De Umbría,Risaralda,5.1894267,-75.86971469,27721,MEDIO
Dosquebradas,Risaralda,4.8397374,-75.67269689,198874,MEDIO
Guática,Risaralda,5.32952845,-75.81772346,15306,MEDIO
La Celia,Risaralda,4.98080235,-76.00279019,8598,BAJO
La Virginia,Risaralda,4.8995993,-75.8825661,32039,MEDIO
Marsella,Risaralda,4.9583904,-75.75411327,23299,MEDIO
Mistrató,Risaralda,5.3871563,-76.0000013,16177,MEDIO
Pereira,Risaralda,4.8142912,-75.6946451,469644,BAJO
Pueblo Rico,Risaralda,5.2216215,-76.0301985,13283,MEDIO
Quinchía,Risaralda,5.3264086,-75.70831233,33754,MEDIO
Santa Rosa De Cabal,Risaralda,4.8653719,-75.6203626,72228,MEDIO
Santuario,Risaralda,5.0732065,-75.9624682,15715,BAJO
Aguada,Santander,6.1796776,-73.52772698,1855,BAJO
Aratoca,Santander,6.7343173,-73.0173345,8312,MEDIO
Barichara,Santander,6.64967285,-73.22645173,7215,SIN RIESGO
Barrancabermeja,Santander,7.02691215,-73.75919805,191768,SIN RIESGO
Bucaramanga,Santander,7.1114611,-73.1172869,527985,SIN RIESGO
California,Santander,2.9067539,-76.4732713,1984,SIN RIESGO
Capitanejo,Santander,6.5149284,-72.67433876,5593,MEDIO
Carcasí,Santander,6.658389,-72.56670568,5039,BAJO
Cepitá,Santander,6.74590095,-72.92942882,1865,BAJO
Cerrito,Santander,6.8435992,-72.6939627,5708,MEDIO
Charalá,Santander,6.1869866,-73.18343479,10540,SIN RIESGO
Charta,Santander,7.25253105,-72.97659642,2670,MEDIO
Chima,Santander,6.3418537,-73.3728984,3087,BAJO
Chipatá,Santander,6.07416435,-73.63012978,5088,SIN RIESGO
Cimitarra,Santander,6.42419845,-74.09203705,44733,MEDIO
Confines,Santander,6.3623424,-73.24984126,2705,BAJO
Contratación,Santander,6.30365295,-73.52158402,3491,MEDIO
Coromoro,Santander,6.24050595,-72.9917307,7558,MEDIO
Curití,Santander,6.61280515,-73.01687869,11899,BAJO
El Carmen De Chucurí,Santander,6.6986924,-73.5115695,20099,SIN RIESGO
El Guacamayo,Santander,6.2452658,-73.4975606,2005,MEDIO
El Playón,Santander,7.470891,-73.2033093,11776,ALTO
Encino,Santander,6.1377564,-73.0990188,2497,MEDIO
Enciso,Santander,6.6498446,-72.68173548,3323,MEDIO
Florián,Santander,5.7869132,-73.9702357,6301,ALTO
Floridablanca,Santander,7.0625358,-73.0858228,265452,SIN RIESGO
Galán,Santander,6.67423275,-73.32111142,2311,BAJO
Gambita,Santander,5.91628015,-73.31589723,5044,MEDIO
Girón,Santander,7.04975065,-73.29063858,180305,SIN RIESGO
Guaca,Santander,6.9351737,-72.8058804,6395,BAJO
Guapotá,Santander,6.32074375,-73.31749424,2139,SIN RIESGO
Guavatá,Santander,5.94801435,-73.71532084,3679,BAJO
Güepsa,Santander,6.0357259,-73.56632393,3849,BAJO
Hato,Santander,6.5621066,-73.36473811,2345,SIN RIESGO
Jesús María,Santander,5.84962975,-73.83068053,3137,MEDIO
Jordán,Santander,6.71270705,-73.09245379,1103,MEDIO
La Belleza,Santander,5.8588609,-73.9659766,8587,MEDIO
Landázuri,Santander,6.3619739,-73.77730199,15374,SIN RIESGO
Lebrija,Santander,7.1150765,-73.2148951,38560,BAJO
Los Santos,Santander,6.7559026,-73.1018206,12185,SIN RIESGO
Macaravita,Santander,6.5123058,-72.58663461,2378,MEDIO
Málaga,Santander,6.699661,-72.7324563,18382,SIN RIESGO
Matanza,Santander,7.2799805,-73.0578703,5297,SIN RIESGO
Mogotes,Santander,6.50244055,-72.976792,10880,SIN RIESGO
Molagavita,Santander,6.63611175,-72.82142609,5193,MEDIO
Ocamonte,Santander,6.3458934,-73.1220457,4775,BAJO
Oiba,Santander,6.23148355,-73.27403107,11738,SIN RIESGO
Onzaga,Santander,6.34240675,-72.83379482,5054,BAJO
Palmar,Santander,6.52548015,-73.28292541,3330,SIN RIESGO
Palmas Del Socorro,Santander,6.4066247,-73.287918,2241,BAJO
Páramo,Santander,6.41444175,-73.1821066,7791,BAJO
Piedecuesta,Santander,6.951419,-73.04464395,149219,SIN RIESGO
Pinchote,Santander,6.51255155,-73.17774661,5201,BAJO
Puente Nacional,Santander,5.8770588,-73.6791439,12476,BAJO
Puerto Parra,Santander,6.651506,-74.0564489,7548,ALTO
Puerto Wilches,Santander,7.3480175,-73.8979783,31511,ALTO
Sabana De Torres,Santander,7.3939416,-73.4998859,18652,BAJO
San Benito,Santander,6.1265486,-73.5095985,3986,MEDIO
San Gil,Santander,6.5552856,-73.1312353,45445,SIN RIESGO
San Joaquín,Santander,6.427589,-72.8676531,2488,SIN RIESGO
San José De Miranda,Santander,6.6584402,-72.73355173,4346,BAJO
San Vicente De Chucurí,Santander,6.8787342,-73.4116765,34640,MEDIO
Santa Helena Del Opón,Santander,6.3387975,-73.616366,4304,ALTO
Simacota,Santander,6.4435088,-73.3374205,7789,SIN RIESGO
Socorro,Santander,6.4670216,-73.2626198,30577,BAJO
Suaita,Santander,6.1257536,-73.36271466,10277,MEDIO
Suratá,Santander,7.3667576,-72.9841406,3295,MEDIO
Tona,Santander,7.15363455,-72.96021241,7085,MEDIO
Valle De San José,Santander,6.4346425,-73.1128693,6355,MEDIO
Vélez,Santander,6.0123632,-73.6729598,19057,MEDIO
Vetas,Santander,7.32082525,-72.8858798,2435,ALTO
Zapatoca,Santander,6.8510075,-73.21755836,8929,SIN RIESGO
Caimito,Sucre,8.790591,-75.1163176,12077,MEDIO
Chalán,Sucre,9.57205555,-75.32246384,4354,BAJO
Coloso,Sucre,9.53763835,-75.36366287,5838,SIN RIESGO
Corozal,Sucre,9.3192389,-75.2947262,62409,SIN RIESGO
Coveñas,Sucre,9.41146205,-75.63978929,13530,BAJO
El Roble,Sucre,9.1037704,-75.1952621,10550,MEDIO
Galeras,Sucre,9.1606864,-75.0487747,20188,ALTO
Guaranda,Sucre,8.39295295,-74.80011745,17422,ALTO
Los Palmitos,Sucre,9.3805529,-75.2681334,19257,BAJO
Majagual,Sucre,8.56187075,-74.72944564,33258,MEDIO
Morroa,Sucre,9.39162955,-75.334064,14429,ALTO
Palmito,Sucre,9.3332434,-75.5415152,13682,ALTO
Sampués,Sucre,9.15772275,-75.3520479,37925,ALTO
San Benito Abad,Sucre,8.9293556,-75.0269099,25442,SIN RIESGO
San Juan De Betulia,Sucre,9.2937547,-75.22764102,12544,MEDIO
San Luis De Sincé,Sucre,9.2191217,-75.1292839,33688,SIN RIESGO
San Marcos,Sucre,8.6618609,-75.1307644,57071,SIN RIESGO
San Onofre,Sucre,10.0974871,-75.541148,50214,BAJO
San Pedro,Valle del Cauca,3.452772,-76.53211436,18128,MEDIO
Santiago De Tolú,Sucre,9.5241138,-75.5841794,33296,MEDIO
Sincelejo,Sucre,9.31542935,-75.43298059,275218,SIN RIESGO
Tolú Viejo,Sucre,9.45082,-75.43864,18897,ALTO
Anzoátegui,Tolima,4.6312166,-75.0938748,18434,MEDIO
Armero,Tolima,4.9550681,-74.9074644,11960,SIN RIESGO
Casabianca,Tolima,5.0784062,-75.1213073,6684,SIN RIESGO
Falan,Tolima,5.08818555,-74.93977981,9218,BAJO
Fresno,Tolima,5.1535058,-75.0371423,30284,BAJO
Honda,Tolima,5.2106086,-74.7361304,24781,SIN RIESGO
Ibagué,Tolima,4.4446595,-75.2430012,553526,ALTO
Mariquita,Tolima,5.1969707,-74.8938776,33309,BAJO
Ortega,Tolima,3.93806235,-75.25245289,32524,BAJO
Rioblanco,Tolima,3.47378985,-75.80206135,24553,MEDIO
Rovira,Tolima,4.19289735,-75.3691032,20641,MEDIO
Villarrica,Tolima,3.9606919,-74.6080054,5449,INVIABLE SANITARIAMENTE
Alcalá,Valle del Cauca,4.6748944,-75.781669,21352,MEDIO
Andalucía,Valle del Cauca,4.1694199,-76.1670623,17811,BAJO
Ansermanuevo,Valle del Cauca,4.79058655,-76.04349605,19557,MEDIO
Buenaventura,Valle del Cauca,3.6707494,-76.98077577,399619,BAJO
Bugalagrande,Valle del Cauca,4.201411,-76.0970159,21167,MEDIO
Caicedonia,Valle del Cauca,4.305471,-75.8404757,29824,MEDIO
Cali,Valle del Cauca,3.4517923,-76.5324943,2369829,SIN RIESGO
Calima,Valle del Cauca,3.4848867,-76.49990173,15763,ALTO
Cartago,Valle del Cauca,4.71133845,-75.93193309,132251,BAJO
Dagua,Valle del Cauca,3.65186675,-76.72289272,36400,ALTO
El Águila,Valle del Cauca,4.9078333,-76.0421601,11069,ALTO
El Cairo,Valle del Cauca,4.7621884,-76.2207611,9976,ALTO
El Cerrito,Valle del Cauca,3.6829185,-76.3071487,57463,BAJO
El Dovio,Valle del Cauca,4.511899,-76.238102,8508,ALTO
Florida,Valle del Cauca,3.3256006,-76.2370118,58122,MEDIO
Ginebra,Valle del Cauca,3.7489066,-76.20029747,21055,ALTO
Guacarí,Valle del Cauca,3.7775365,-76.30181859,34522,MEDIO
Guadalajara De Buga,Valle del Cauca,3.9000578,-76.302013,115249,MEDIO
Jamundí,Valle del Cauca,3.22475455,-76.61884183,119532,BAJO
La Cumbre,Valle del Cauca,3.6962998,-76.57849921,11512,MEDIO
Obando,Valle del Cauca,4.5746578,-75.9721783,14980,MEDIO
Palmira,Valle del Cauca,3.5308373,-76.2988048,304763,MEDIO
Pradera,Valle del Cauca,3.42173305,-76.17437531,55137,MEDIO
Riofrío,Valle del Cauca,4.1069217,-76.38387677,14716,ALTO
Roldanillo,Valle del Cauca,4.4440112,-76.16639093,32778,BAJO
Sevilla,Valle del Cauca,4.1569974,-75.87379963,45142,BAJO
Toro,Valle del Cauca,4.6094813,-76.0780048,16394,MEDIO
Trujillo,Valle del Cauca,4.2122451,-76.3186782,18100,MEDIO
Tuluá,Valle del Cauca,4.0856667,-76.1972779,211581,MEDIO
Ulloa,Valle del Cauca,4.7036572,-75.7379416,5457,MEDIO
Versalles,Valle del Cauca,4.61728755,-76.23192565,7214,ALTO
Vijes,Valle del Cauca,3.75606075,-76.48853015,11010,ALTO
Yotoco,Valle del Cauca,3.89766105,-76.38787305,16263,MEDIO
Yumbo,Valle del Cauca,3.5842137,-76.4949945,117118,MEDIO
Zarzal,Valle del Cauca,4.3669411,-76.0568885,45227,SIN RIESGO
Caruru,Vaupés,1.5524104,-70.2038516,3327,SIN RIESGO
Mitú,Vaupés,1.2572233,-70.2333935,31568,MEDIO
Cumaribo,Vichada,4.4471495,-69.7975845,36867,ALTO
La Primavera,Vichada,4.5142162,-69.4009237,15342,MEDIO
Puerto Carreño,Vichada,6.1879711,-67.4894667,15753,BAJO
Santa Rosalía,Vichada,5.1357449,-70.8629281,4012,BAJO